SampleID,BarcodeSequence,KitID,TreatmentNumber,Treatment,Age,AnimalNumber,SampleLocation,AnalysisType,AnimalType,Project,Client,Pen,House,LinkerPrimerSequence,BarcodePlate,Well,Description,Alfa_Shannon,Alfa_Observed,ratio1LOG,ratio2LOG,ratio3LOG
0115_01C-M,CAATTCTGCTTC,115,1.0,Na0.10CI0.23,42.0,1.0,C,M,Broiler,E347,Iluma,6.0,1.0,GTGTGYCAGCMGCCGCGGTAA,13,A1,0115_01C-M,5.570813963496381,101,1.6182128590532174,3.106179497720161,-1.4451780629745885
0115_02C-M,GTTATACATTCA,115,1.0,Na0.10CI0.23,42.0,2.0,C,M,Broiler,E347,Iluma,28.0,1.0,GTGTGYCAGCMGCCGCGGTAA,13,A2,0115_02C-M,4.892333750408068,74,2.7167838810709646,2.7690242085857406,-0.4747748376028753
0115_03C-M,GATGTCATAGCC,115,1.0,Na0.10CI0.23,42.0,3.0,C,M,Broiler,E347,Iluma,14.0,2.0,GTGTGYCAGCMGCCGCGGTAA,13,A3,0115_03C-M,4.746523506622517,103,0.11071202441583136,2.805703366175179,-3.9406910901591012
0115_04C-M,CGTGACAATAGT,115,1.0,Na0.10CI0.23,42.0,4.0,C,M,Broiler,E347,Iluma,40.0,2.0,GTGTGYCAGCMGCCGCGGTAA,13,A4,0115_04C-M,5.758772689369431,118,0.5837485861528388,1.2249988308925697,-3.1933504957234193
0116_05C-M,GAGGGCGTGATC,116,2.0,Na0.16CI0.25,42.0,5.0,C,M,Broiler,E347,Iluma,2.0,3.0,GTGTGYCAGCMGCCGCGGTAA,13,A5,0116_05C-M,4.503650493024719,69,0.9873866535578855,4.716264233493678,-4.5311225438395155
0115_06C-M,ATGGTCACAAAC,115,1.0,Na0.10CI0.23,42.0,6.0,C,M,Broiler,E347,Iluma,25.0,3.0,GTGTGYCAGCMGCCGCGGTAA,13,A6,0115_06C-M,5.867710904137654,114,2.3602642045807234,3.534691736563753,-3.229672784583594
0116_01C-M,TTGTATGACAGG,116,2.0,Na0.16CI0.25,42.0,1.0,C,M,Broiler,E347,Iluma,10.0,1.0,GTGTGYCAGCMGCCGCGGTAA,13,A7,0116_01C-M,4.932760108691718,93,3.3227615693749217,4.687395126243761,-3.0415361452910137
0116_02C-M,TGGAAACCATTG,116,2.0,Na0.16CI0.25,42.0,2.0,C,M,Broiler,E347,Iluma,22.0,1.0,GTGTGYCAGCMGCCGCGGTAA,13,A8,0116_02C-M,5.015759884395522,114,0.4514909305034465,3.57897751491374,-3.6584915885711857
0116_03C-M,AACCCTAACTGG,116,2.0,Na0.16CI0.25,42.0,3.0,C,M,Broiler,E347,Iluma,18.0,2.0,GTGTGYCAGCMGCCGCGGTAA,13,A9,0116_03C-M,5.938944254198257,151,3.5289714921568813,3.817946107372347,-1.8039619855232238
0116_04C-M,TATAACAATCTC,116,2.0,Na0.16CI0.25,42.0,4.0,C,M,Broiler,E347,Iluma,33.0,2.0,GTGTGYCAGCMGCCGCGGTAA,13,A10,0116_04C-M,5.136401917493941,83,1.4811631372533982,2.129658044801007,-2.051459861573036
0115_05C-M,ACGAGGAGTCGA,115,1.0,Na0.10CI0.23,42.0,5.0,C,M,Broiler,E347,Iluma,3.0,3.0,GTGTGYCAGCMGCCGCGGTAA,13,A11,0115_05C-M,5.502581735752772,97,1.4572460970921752,5.380845670349319,-3.991391091496639
0116_06C-M,TGGCGATACGTT,116,2.0,Na0.16CI0.25,42.0,6.0,C,M,Broiler,E347,Iluma,27.0,3.0,GTGTGYCAGCMGCCGCGGTAA,13,A12,0116_06C-M,5.484976940633948,121,-0.1961669636160078,1.8165273575157033,-3.7349500082307263
0117_01C-M,CTTTCAGGACCG,117,3.0,Na0.22CI0.25,42.0,1.0,C,M,Broiler,E347,Iluma,5.0,1.0,GTGTGYCAGCMGCCGCGGTAA,13,B1,0117_01C-M,5.705066002537139,108,1.6622554682735147,3.517168076431997,-2.9806676005464205
0117_02C-M,CGATCACCACAA,117,3.0,Na0.22CI0.25,42.0,2.0,C,M,Broiler,E347,Iluma,29.0,1.0,GTGTGYCAGCMGCCGCGGTAA,13,B2,0117_02C-M,5.488746753208885,115,-0.4653632496892333,1.293935824593858,-3.640367029149178
0117_03C-M,AGTAGGAGGCAC,117,3.0,Na0.22CI0.25,42.0,3.0,C,M,Broiler,E347,Iluma,20.0,2.0,GTGTGYCAGCMGCCGCGGTAA,13,B3,0117_03C-M,5.293708493617037,68,0.9504820966224345,4.819580057333546,-3.8989973624109897
0117_04C-M,TGTACGGATAAC,117,3.0,Na0.22CI0.25,42.0,4.0,C,M,Broiler,E347,Iluma,36.0,2.0,GTGTGYCAGCMGCCGCGGTAA,13,B4,0117_04C-M,3.6050015406058464,54,2.070560760605552,2.446694667211619,-0.41332911227736147
0117_05C-M,AGGGTCGCCGCC,117,3.0,Na0.22CI0.25,42.0,5.0,C,M,Broiler,E347,Iluma,4.0,3.0,GTGTGYCAGCMGCCGCGGTAA,13,B5,0117_05C-M,4.984975612841135,85,-1.5417792639602856,1.0529422518349214,-3.8692520724621104
0117_06C-M,GGTTCCATTAGG,117,3.0,Na0.22CI0.25,42.0,6.0,C,M,Broiler,E347,Iluma,30.0,3.0,GTGTGYCAGCMGCCGCGGTAA,13,B6,0117_06C-M,5.11958890305396,89,2.474228930268821,2.349156179847764,-1.9384505205973739
0118_01C-M,AAGGAAGTATAT,118,4.0,Na0.28CI0.25,42.0,1.0,C,M,Broiler,E347,Iluma,7.0,1.0,GTGTGYCAGCMGCCGCGGTAA,13,B7,0118_01C-M,5.608573879118373,127,1.2067087841448108,4.6079787383101305,-3.710067331729502
0118_02C-M,TTGTTACGTTCC,118,4.0,Na0.28CI0.25,42.0,2.0,C,M,Broiler,E347,Iluma,30.0,1.0,GTGTGYCAGCMGCCGCGGTAA,13,B8,0118_02C-M,4.432457614940675,106,1.4939250253122562,4.960298479934662,-3.488747162439285
0118_03C-M,CGCTACAACTCG,118,4.0,Na0.28CI0.25,42.0,3.0,C,M,Broiler,E347,Iluma,15.0,2.0,GTGTGYCAGCMGCCGCGGTAA,13,B9,0118_03C-M,5.371856925867424,88,0.6739772644522252,3.7881067420924093,-3.288401887516811
0118_04C-M,ATCAGCCAGCTC,118,4.0,Na0.28CI0.25,42.0,4.0,C,M,Broiler,E347,Iluma,34.0,2.0,GTGTGYCAGCMGCCGCGGTAA,13,B10,0118_04C-M,5.278205539969186,89,0.0653827592628515,2.4482751742566,-3.2533791644908523
0118_05C-M,ATTTCTTAGCCA,118,4.0,Na0.28CI0.25,42.0,5.0,C,M,Broiler,E347,Iluma,9.0,3.0,GTGTGYCAGCMGCCGCGGTAA,13,B11,0118_05C-M,5.336214271548924,90,-0.7337143655489453,1.8293636938499114,-3.404588652398545
0118_06C-M,GGTAAGTTTGAC,118,4.0,Na0.28CI0.25,42.0,6.0,C,M,Broiler,E347,Iluma,23.0,3.0,GTGTGYCAGCMGCCGCGGTAA,13,B12,0118_06C-M,6.300172289343063,154,-0.7256703722655053,2.2953173676316565,-3.392435508684057
0119_01C-M,ATTCGCCAAGAA,119,5.0,Na0.34CI0.25,42.0,1.0,C,M,Broiler,E347,Iluma,2.0,1.0,GTGTGYCAGCMGCCGCGGTAA,13,C1,0119_01C-M,5.5094054985492855,92,-0.21758969563141253,1.0995343726430782,-2.6567029241510145
0119_02C-M,GGCCGCGATCGA,119,5.0,Na0.34CI0.25,42.0,2.0,C,M,Broiler,E347,Iluma,26.0,1.0,GTGTGYCAGCMGCCGCGGTAA,13,C2,0119_02C-M,4.666149607939305,48,1.3097178614228404,1.2660536250109788,-1.216694309911344
0119_03C-M,AGTGCGTTCTAG,119,5.0,Na0.34CI0.25,42.0,3.0,C,M,Broiler,E347,Iluma,17.0,2.0,GTGTGYCAGCMGCCGCGGTAA,13,C3,0119_03C-M,5.940751366451374,106,2.577688383238966,5.369474560864365,-3.20185413729877
0119_04C-M,CAATTAATGTAT,119,5.0,Na0.34CI0.25,42.0,4.0,C,M,Broiler,E347,Iluma,38.0,2.0,GTGTGYCAGCMGCCGCGGTAA,13,C4,0119_04C-M,3.624776424178837,46,2.6333266549062735,3.714537550728136,-2.488969267396288
0119_05C-M,CTGTGATCGGAT,119,5.0,Na0.34CI0.25,42.0,5.0,C,M,Broiler,E347,Iluma,8.0,3.0,GTGTGYCAGCMGCCGCGGTAA,13,C5,0119_05C-M,4.709208142599032,89,-1.5442519325494048,1.1542940876158547,-3.5462919215743867
0119_06C-M,GATCGGTTAATG,119,5.0,Na0.34CI0.25,42.0,6.0,C,M,Broiler,E347,Iluma,28.0,3.0,GTGTGYCAGCMGCCGCGGTAA,13,C6,0119_06C-M,5.308996647442464,85,-1.355964821685156,2.2368458512799556,-4.046245982752202
0120_01C-M,AGGTGGTGGAGT,120,6.0,Na0.40CI0.25,42.0,1.0,C,M,Broiler,E347,Iluma,4.0,1.0,GTGTGYCAGCMGCCGCGGTAA,13,C7,0120_01C-M,5.806911000668596,112,-0.035846131773135885,3.3249400928342703,-3.691612941009597
0120_02C-M,TGGACGGCCCAG,120,6.0,Na0.40CI0.25,42.0,2.0,C,M,Broiler,E347,Iluma,21.0,1.0,GTGTGYCAGCMGCCGCGGTAA,13,C8,0120_02C-M,6.082555794647609,133,0.1520162072986259,3.7739643735005317,-4.108664615996849
0120_03C-M,CTTACTTTAACG,120,6.0,Na0.40CI0.25,42.0,3.0,C,M,Broiler,E347,Iluma,11.0,2.0,GTGTGYCAGCMGCCGCGGTAA,13,C9,0120_03C-M,5.738513132827718,132,0.2799200671162915,3.300060737120514,-3.602245809788508
0120_04C-M,TGCTCCGTAGAA,120,6.0,Na0.40CI0.25,42.0,4.0,C,M,Broiler,E347,Iluma,32.0,2.0,GTGTGYCAGCMGCCGCGGTAA,13,C10,0120_04C-M,4.239907073622302,68,3.056150475718542,3.1927362785280087,-1.7618647999646686
0120_05C-M,TCCTTGTCCTTG,120,6.0,Na0.40CI0.25,42.0,5.0,C,M,Broiler,E347,Iluma,5.0,3.0,GTGTGYCAGCMGCCGCGGTAA,13,C11,0120_05C-M,5.90522997249081,132,1.7994223419736244,2.4445963658443515,-3.4114080100116397
0120_06C-M,CACCGCTCACAA,120,6.0,Na0.40CI0.25,42.0,6.0,C,M,Broiler,E347,Iluma,21.0,3.0,GTGTGYCAGCMGCCGCGGTAA,13,C12,0120_06C-M,6.010116233310685,146,-0.27459097640490143,2.2118353938938085,-3.1014973316509464
0121_01C-M,GTGTTGTCGTGC,121,7.0,Na0.22CI0.42,42.0,1.0,C,M,Broiler,E347,Iluma,9.0,1.0,GTGTGYCAGCMGCCGCGGTAA,13,D1,0121_01C-M,5.025029266626487,81,2.8716796248840124,2.328660592580946,-2.7402311959003063
0121_02C-M,GTTATGACGGAT,121,7.0,Na0.22CI0.42,42.0,2.0,C,M,Broiler,E347,Iluma,27.0,1.0,GTGTGYCAGCMGCCGCGGTAA,13,D2,0121_02C-M,5.223025770531686,85,0.27763173659827955,3.4548232827474794,-3.373026504695459
0121_03C-M,GCTCAGGACTCT,121,7.0,Na0.22CI0.42,42.0,3.0,C,M,Broiler,E347,Iluma,19.0,2.0,GTGTGYCAGCMGCCGCGGTAA,13,D3,0121_03C-M,5.473919847870648,108,1.0986122886681098,4.709988181627186,-3.7829262098714893
0121_04C-M,TAGTACTATACT,121,7.0,Na0.22CI0.42,42.0,4.0,C,M,Broiler,E347,Iluma,31.0,2.0,GTGTGYCAGCMGCCGCGGTAA,13,D4,0121_04C-M,3.942369107607398,54,2.001480000210124,2.9239043767247326,-3.574090243299154
0121_05C-M,ATAGCACCAGAT,121,7.0,Na0.22CI0.42,42.0,5.0,C,M,Broiler,E347,Iluma,1.0,3.0,GTGTGYCAGCMGCCGCGGTAA,13,D5,0121_05C-M,5.28853402142436,95,2.4350742760401247,3.592735593561034,-2.7915680538010212
0121_06C-M,GTGAACTGGATT,121,7.0,Na0.22CI0.42,42.0,6.0,C,M,Broiler,E347,Iluma,26.0,3.0,GTGTGYCAGCMGCCGCGGTAA,13,D6,0121_06C-M,3.040706819074438,65,-0.7891355563889084,2.196475232977438,-4.358429503913671
0122_01C-M,ATTCGAGCTGTG,122,8.0,Na0.28CI0.52,42.0,1.0,C,M,Broiler,E347,Iluma,1.0,1.0,GTGTGYCAGCMGCCGCGGTAA,13,D7,0122_01C-M,5.337639870064874,78,0.7780466243464313,3.066034499408312,-3.1463051320333655
0122_02C-M,ATAAGGTCGCCT,122,8.0,Na0.28CI0.52,42.0,2.0,C,M,Broiler,E347,Iluma,24.0,1.0,GTGTGYCAGCMGCCGCGGTAA,13,D8,0122_02C-M,5.591380990059501,103,3.471401640335404,4.795642955012752,-2.948741337260525
0122_03C-M,CGGGATCAAATT,122,8.0,Na0.28CI0.52,42.0,3.0,C,M,Broiler,E347,Iluma,16.0,2.0,GTGTGYCAGCMGCCGCGGTAA,13,D9,0122_03C-M,5.775531958042471,119,3.2942252621099875,4.370368027365167,-2.6809110497880333
0122_04C-M,CGTTAGTGACTG,122,8.0,Na0.28CI0.52,42.0,4.0,C,M,Broiler,E347,Iluma,37.0,2.0,GTGTGYCAGCMGCCGCGGTAA,13,D10,0122_04C-M,3.21689926418967,30,1.8592844505431774,2.5560790845487165,-1.0672781324976741
0122_05C-M,TCGCCTATAAGG,122,8.0,Na0.28CI0.52,42.0,5.0,C,M,Broiler,E347,Iluma,7.0,3.0,GTGTGYCAGCMGCCGCGGTAA,13,D11,0122_05C-M,5.84578711960721,110,0.8805448903857606,3.440335555918935,-3.260284988742938
0122_06C-M,ATCAAACGCATG,122,8.0,Na0.28CI0.52,42.0,6.0,C,M,Broiler,E347,Iluma,22.0,3.0,GTGTGYCAGCMGCCGCGGTAA,13,D12,0122_06C-M,4.999308773537608,82,1.4577533251020354,3.090394435191131,-3.805320593661741
0123_01C-M,TTGCTCAATTTG,123,9.0,Na0.34CI0.61,42.0,1.0,C,M,Broiler,E347,Iluma,8.0,1.0,GTGTGYCAGCMGCCGCGGTAA,13,E1,0123_01C-M,5.359333838536516,104,0.8597203803857605,3.540744593523283,-3.9425573423656988
0123_02C-M,TCGTCCTCGCGA,123,9.0,Na0.34CI0.61,42.0,2.0,C,M,Broiler,E347,Iluma,25.0,1.0,GTGTGYCAGCMGCCGCGGTAA,13,E2,0123_02C-M,3.066361039998984,46,2.6741486494265287,3.116928281806614,-4.824444191290984
0123_03C-M,TCTTCAACTACC,123,9.0,Na0.34CI0.61,42.0,3.0,C,M,Broiler,E347,Iluma,12.0,2.0,GTGTGYCAGCMGCCGCGGTAA,13,E3,0123_03C-M,5.510324960535069,103,2.7182543712764518,3.26839175592756,-3.5254643333687263
0124_09C-M,TCCCTCTGAGAG,124,10.0,Na0.40CI0.71,42.0,9.0,C,M,Broiler,E347,Iluma,35.0,2.0,GTGTGYCAGCMGCCGCGGTAA,17,A1,0124_09C-M,3.238960824614029,133,-0.5932335711642508,2.4031285627834142,-3.2762824700610436
0123_05C-M,TGACCGGCTGTT,123,9.0,Na0.34CI0.61,42.0,5.0,C,M,Broiler,E347,Iluma,6.0,3.0,GTGTGYCAGCMGCCGCGGTAA,13,E5,0123_05C-M,4.976778243483572,73,-0.23273595100564917,2.114964402338349,-2.999940274954196
0123_06C-M,CATCCCTCTACT,123,9.0,Na0.34CI0.61,42.0,6.0,C,M,Broiler,E347,Iluma,29.0,3.0,GTGTGYCAGCMGCCGCGGTAA,13,E6,0123_06C-M,5.633269714241854,137,1.6673052947546492,2.915064370486536,-3.131382404003245
0124_01C-M,TCGCATGGATAC,124,10.0,Na0.40CI0.71,42.0,1.0,C,M,Broiler,E347,Iluma,3.0,1.0,GTGTGYCAGCMGCCGCGGTAA,13,E7,0124_01C-M,4.696633175373069,81,3.3937624031746374,3.5580440864879646,-2.814380395723124
0124_02C-M,ACCACACGTAGT,124,10.0,Na0.40CI0.71,42.0,2.0,C,M,Broiler,E347,Iluma,23.0,1.0,GTGTGYCAGCMGCCGCGGTAA,13,E8,0124_02C-M,3.851966020800217,64,2.6508917872622617,4.667831947112802,-3.754612114924019
0124_03C-M,AGTTTAATCTCA,124,10.0,Na0.40CI0.71,42.0,3.0,C,M,Broiler,E347,Iluma,13.0,2.0,GTGTGYCAGCMGCCGCGGTAA,13,E9,0124_03C-M,5.335125103084034,110,0.05494769678390391,3.086686729593407,-3.2002479528213446
0124_04C-M,CAGAGAACTTAA,124,10.0,Na0.40CI0.71,42.0,4.0,C,M,Broiler,E347,Iluma,30.0,2.0,GTGTGYCAGCMGCCGCGGTAA,13,E10,0124_04C-M,4.928785479275786,75,3.8985999850960056,2.582472050839715,-1.9755111215663552
0124_05C-M,CACTAACAAACG,124,10.0,Na0.40CI0.71,42.0,5.0,C,M,Broiler,E347,Iluma,10.0,3.0,GTGTGYCAGCMGCCGCGGTAA,13,E11,0124_05C-M,3.991499579517193,43,3.1253611336583615,2.078103748838176,-0.4506822674085596
0124_06C-M,AACAACGGCCGG,124,10.0,Na0.40CI0.71,42.0,6.0,C,M,Broiler,E347,Iluma,24.0,3.0,GTGTGYCAGCMGCCGCGGTAA,13,E12,0124_06C-M,5.339032621727282,126,-0.9227977054395412,2.3300203444127603,-3.9041583319067397
0115_01F-M,GAAGACAGCGAC,115,1.0,Na0.10CI0.23,42.0,1.0,F,M,Broiler,E347,Iluma,6.0,1.0,GTGTGYCAGCMGCCGCGGTAA,17,A2,0115_01F-M,6.49238588600037,436,1.677430852014905,1.733196940019976,-1.9493828870400791
0115_02F-M,ACGCAATGTCTG,115,1.0,Na0.10CI0.23,42.0,2.0,F,M,Broiler,E347,Iluma,28.0,1.0,GTGTGYCAGCMGCCGCGGTAA,13,F2,0115_02F-M,3.3984918940759825,28,0.5917159430420086,1.0766719614520495,-0.665536370815954
0115_03F-M,GCTCCGACCATA,115,1.0,Na0.10CI0.23,42.0,3.0,F,M,Broiler,E347,Iluma,14.0,2.0,GTGTGYCAGCMGCCGCGGTAA,13,F3,0115_03F-M,2.9913043360076124,38,2.35970109711368,3.342076258654358,-1.1795973728630633
0115_04F-M,ACAATAGACACC,115,1.0,Na0.10CI0.23,42.0,4.0,F,M,Broiler,E347,Iluma,40.0,2.0,GTGTGYCAGCMGCCGCGGTAA,13,F4,0115_04F-M,4.007280751450931,47,1.2636920390275583,2.716797362611366,-2.4352329432360147
0116_05F-M,GCGAACCTATAC,116,2.0,Na0.16CI0.25,42.0,5.0,F,M,Broiler,E347,Iluma,2.0,3.0,GTGTGYCAGCMGCCGCGGTAA,13,F5,0116_05F-M,4.126915141121128,57,5.0477169690007875,4.907124917726591,-0.9024914615918428
0115_06F-M,CTTGGCCTGTAG,115,1.0,Na0.10CI0.23,42.0,6.0,F,M,Broiler,E347,Iluma,25.0,3.0,GTGTGYCAGCMGCCGCGGTAA,13,F6,0115_06F-M,2.3629637732401405,49,6.211436407256556,5.811711118419737,0.9749944444266075
0116_01F-M,GGCGCCATCTCT,116,2.0,Na0.16CI0.25,42.0,1.0,F,M,Broiler,E347,Iluma,10.0,1.0,GTGTGYCAGCMGCCGCGGTAA,13,F7,0116_01F-M,2.791604078210527,34,4.323237320892098,4.366577723732834,0.6182717290265372
0116_02F-M,CACCCACGTTGA,116,2.0,Na0.16CI0.25,42.0,2.0,F,M,Broiler,E347,Iluma,22.0,1.0,GTGTGYCAGCMGCCGCGGTAA,13,F8,0116_02F-M,2.2945733666805443,23,6.116008303235125,6.225997537276923,1.160922810369368
0116_03F-M,AGAACCGTCATA,116,2.0,Na0.16CI0.25,42.0,3.0,F,M,Broiler,E347,Iluma,18.0,2.0,GTGTGYCAGCMGCCGCGGTAA,13,F9,0116_03F-M,2.2002444288664984,26,4.514999096291129,4.535666980221118,2.763785721457425
0116_04F-M,AAGAGCAGAGCC,116,2.0,Na0.16CI0.25,42.0,4.0,F,M,Broiler,E347,Iluma,33.0,2.0,GTGTGYCAGCMGCCGCGGTAA,13,F10,0116_04F-M,4.276064643549591,80,3.702672776246272,4.189157847606264,-0.3185035430783967
0115_05F-M,AAGGCCTTTACG,115,1.0,Na0.10CI0.23,42.0,5.0,F,M,Broiler,E347,Iluma,3.0,3.0,GTGTGYCAGCMGCCGCGGTAA,13,F11,0115_05F-M,2.4964133266862483,27,2.8271366812331893,3.2591115089282034,0.4337820549527028
0116_06F-M,TCACTTGGTGCG,116,2.0,Na0.16CI0.25,42.0,6.0,F,M,Broiler,E347,Iluma,27.0,3.0,GTGTGYCAGCMGCCGCGGTAA,13,F12,0116_06F-M,3.091654518706874,59,4.707172797463454,4.886364914903226,0.7236751541948081
0117_01F-M,GCTGTACGGATT,117,3.0,Na0.22CI0.25,42.0,1.0,F,M,Broiler,E347,Iluma,5.0,1.0,GTGTGYCAGCMGCCGCGGTAA,13,G1,0117_01F-M,2.6285215287588257,24,2.2407801390981015,2.4758982041399866,0.9577330020882965
0117_02F-M,ATATCGCGATGA,117,3.0,Na0.22CI0.25,42.0,2.0,F,M,Broiler,E347,Iluma,29.0,1.0,GTGTGYCAGCMGCCGCGGTAA,17,A3,0117_02F-M,2.4973626678305587,56,5.108445639687428,5.2358345696213675,0.9964142133885108
0117_03F-M,TGTGACAGGGCG,117,3.0,Na0.22CI0.25,42.0,3.0,F,M,Broiler,E347,Iluma,20.0,2.0,GTGTGYCAGCMGCCGCGGTAA,13,G3,0117_03F-M,3.68668841520326,44,0.9986516023074713,1.390562068858221,-0.3620457716132028
0117_04F-M,CGAGACCTGGGC,117,3.0,Na0.22CI0.25,42.0,4.0,F,M,Broiler,E347,Iluma,36.0,2.0,GTGTGYCAGCMGCCGCGGTAA,13,G4,0117_04F-M,1.6207749863932968,27,4.358475611601477,4.413257957793684,2.401786328291337
0117_05F-M,ATAAGTAACCGC,117,3.0,Na0.22CI0.25,42.0,5.0,F,M,Broiler,E347,Iluma,4.0,3.0,GTGTGYCAGCMGCCGCGGTAA,13,G5,0117_05F-M,3.700502991265751,51,1.2849661089900029,1.5030339323801145,-0.04773566567743154
0117_06F-M,CGATACACTGCC,117,3.0,Na0.22CI0.25,42.0,6.0,F,M,Broiler,E347,Iluma,30.0,3.0,GTGTGYCAGCMGCCGCGGTAA,17,A4,0117_06F-M,3.915124983956662,108,2.0987863024648625,2.492003588434953,0.07556508825224197
0118_01F-M,GCACCCTGGTCT,118,4.0,Na0.28CI0.25,42.0,1.0,F,M,Broiler,E347,Iluma,7.0,1.0,GTGTGYCAGCMGCCGCGGTAA,13,G7,0118_01F-M,4.255435870118907,74,1.584346990440574,2.044173402842378,-0.9248924691058661
0118_02F-M,TATGATTGCATT,118,4.0,Na0.28CI0.25,42.0,2.0,F,M,Broiler,E347,Iluma,30.0,1.0,GTGTGYCAGCMGCCGCGGTAA,13,G8,0118_02F-M,2.476678644038495,49,4.1492487537092275,4.180194550775475,1.3546502457807912
0118_03F-M,CTATCATCCTCA,118,4.0,Na0.28CI0.25,42.0,3.0,F,M,Broiler,E347,Iluma,15.0,2.0,GTGTGYCAGCMGCCGCGGTAA,13,G9,0118_03F-M,2.5385205812390765,33,2.118635594446451,2.1741231201014926,1.5513912018446463
0118_04F-M,TGGAAGAACGGC,118,4.0,Na0.28CI0.25,42.0,4.0,F,M,Broiler,E347,Iluma,34.0,2.0,GTGTGYCAGCMGCCGCGGTAA,13,G10,0118_04F-M,1.05260321432695,34,6.399163999314512,6.043382646264375,2.8171081189101623
0118_05F-M,AGAAAGGGTGTG,118,4.0,Na0.28CI0.25,42.0,5.0,F,M,Broiler,E347,Iluma,9.0,3.0,GTGTGYCAGCMGCCGCGGTAA,13,G11,0118_05F-M,2.6269347838261425,31,2.511661148717769,2.632911235757583,1.4282613231497847
0118_06F-M,TCCTATCGGCCG,118,4.0,Na0.28CI0.25,42.0,6.0,F,M,Broiler,E347,Iluma,23.0,3.0,GTGTGYCAGCMGCCGCGGTAA,13,G12,0118_06F-M,2.776723778717847,32,2.6033207993813936,2.679450862991597,1.4934089554593504
0119_01F-M,AATTCCGAACGC,119,5.0,Na0.34CI0.25,42.0,1.0,F,M,Broiler,E347,Iluma,2.0,1.0,GTGTGYCAGCMGCCGCGGTAA,13,H1,0119_01F-M,6.088109406836174,137,0.22616014485363548,2.1639902112740783,-2.96837345920203
0119_02F-M,GTCTCGCCTACG,119,5.0,Na0.34CI0.25,42.0,2.0,F,M,Broiler,E347,Iluma,26.0,1.0,GTGTGYCAGCMGCCGCGGTAA,13,H2,0119_02F-M,1.6764187086766509,19,3.94085503944372,4.027414673081996,2.067484234769502
0119_03F-M,AATTGGCGGGCG,119,5.0,Na0.34CI0.25,42.0,3.0,F,M,Broiler,E347,Iluma,17.0,2.0,GTGTGYCAGCMGCCGCGGTAA,13,H3,0119_03F-M,1.8673023674890965,22,-0.6642621779930531,-0.5637361069084428,-0.7427394357405588
0119_04F-M,GAAGTGTATCTG,119,5.0,Na0.34CI0.25,42.0,4.0,F,M,Broiler,E347,Iluma,38.0,2.0,GTGTGYCAGCMGCCGCGGTAA,13,H4,0119_04F-M,2.3172556083870623,23,7.208156123841693,7.5096639791078115,1.006835919746436
0119_05F-M,GTTACCCGAGCT,119,5.0,Na0.34CI0.25,42.0,5.0,F,M,Broiler,E347,Iluma,8.0,3.0,GTGTGYCAGCMGCCGCGGTAA,13,H5,0119_05F-M,2.223234763713256,36,-2.98955941444691,-1.1271688937013051,-3.2823560939468397
0119_06F-M,TCACAACACCGC,119,5.0,Na0.34CI0.25,42.0,6.0,F,M,Broiler,E347,Iluma,28.0,3.0,GTGTGYCAGCMGCCGCGGTAA,17,A5,0119_06F-M,5.713906230262111,384,3.9169071325403615,3.049787647465635,-0.5385137587488976
0120_01F-M,GTTCTCTTCTCG,120,6.0,Na0.40CI0.25,42.0,1.0,F,M,Broiler,E347,Iluma,4.0,1.0,GTGTGYCAGCMGCCGCGGTAA,13,H7,0120_01F-M,2.450307959186734,25,-0.5318737363396263,-0.373685599324184,-0.6612891268950454
0120_02F-M,CTAGAAAGAAAT,120,6.0,Na0.40CI0.25,42.0,2.0,F,M,Broiler,E347,Iluma,21.0,1.0,GTGTGYCAGCMGCCGCGGTAA,13,H8,0120_02F-M,2.3283895339155967,27,0.27566308742500445,0.5183336001258677,-0.07596199468819965
0120_03F-M,GGCTCAGATTCC,120,6.0,Na0.40CI0.25,42.0,3.0,F,M,Broiler,E347,Iluma,11.0,2.0,GTGTGYCAGCMGCCGCGGTAA,13,H9,0120_03F-M,5.432182480055793,87,1.7665398978959392,3.6841126762762824,-2.7546237962982993
0120_04F-M,CCGTTATCAGCG,120,6.0,Na0.40CI0.25,42.0,4.0,F,M,Broiler,E347,Iluma,32.0,2.0,GTGTGYCAGCMGCCGCGGTAA,13,H10,0120_04F-M,3.435258089869118,60,2.504531999924514,2.5837428608970328,0.6131306999868735
0120_05F-M,TCACGAGTCACA,120,6.0,Na0.40CI0.25,42.0,5.0,F,M,Broiler,E347,Iluma,5.0,3.0,GTGTGYCAGCMGCCGCGGTAA,13,H11,0120_05F-M,2.0851114420443,33,5.8060130973051,5.925283652371918,1.4276389582127926
0120_06F-M,CCGGGAAGCCAC,120,6.0,Na0.40CI0.25,42.0,6.0,F,M,Broiler,E347,Iluma,21.0,3.0,GTGTGYCAGCMGCCGCGGTAA,13,H12,0120_06F-M,2.498366069224204,64,-0.627792475619122,-0.40343512162096024,-0.8404060343492822
0121_01F-M,GTTTGTGATCTT,121,7.0,Na0.22CI0.42,42.0,1.0,F,M,Broiler,E347,Iluma,9.0,1.0,GTGTGYCAGCMGCCGCGGTAA,17,A6,0121_01F-M,2.878671760021127,129,2.19597022971751,3.611885989243973,-1.4980753441698633
0121_02F-M,CAACACATGCTG,121,7.0,Na0.22CI0.42,42.0,2.0,F,M,Broiler,E347,Iluma,27.0,1.0,GTGTGYCAGCMGCCGCGGTAA,15,A2,0121_02F-M,3.311738930056221,23,4.688285092698598,4.82101443482069,0.047104469187473685
0121_03F-M,CATACCGTGAGT,121,7.0,Na0.22CI0.42,42.0,3.0,F,M,Broiler,E347,Iluma,19.0,2.0,GTGTGYCAGCMGCCGCGGTAA,15,A3,0121_03F-M,2.380492258914192,36,4.572925086571235,5.173740471470245,-0.014002792648766499
0121_04F-M,GTCCATGGTTCG,121,7.0,Na0.22CI0.42,42.0,4.0,F,M,Broiler,E347,Iluma,31.0,2.0,GTGTGYCAGCMGCCGCGGTAA,15,A4,0121_04F-M,3.708827039565063,60,3.8749936002965892,4.42051063810611,-0.23639564810706518
0121_05F-M,ACCATTACCATT,121,7.0,Na0.22CI0.42,42.0,5.0,F,M,Broiler,E347,Iluma,1.0,3.0,GTGTGYCAGCMGCCGCGGTAA,15,A5,0121_05F-M,2.656245087320745,30,0.3816333817456677,0.580237424411704,0.05670453151735681
0121_06F-M,TGGTAAGAGTCT,121,7.0,Na0.22CI0.42,42.0,6.0,F,M,Broiler,E347,Iluma,26.0,3.0,GTGTGYCAGCMGCCGCGGTAA,15,A6,0121_06F-M,3.697534497157028,77,3.622161689400754,3.4033824925674923,0.6400420570239742
0122_01F-M,CCAGCCTTCAGA,122,8.0,Na0.28CI0.52,42.0,1.0,F,M,Broiler,E347,Iluma,1.0,1.0,GTGTGYCAGCMGCCGCGGTAA,15,A7,0122_01F-M,2.823123017289235,36,1.5517636142244635,1.7124734525481673,0.9056161400491672
0122_02F-M,ATTCAGATGGCA,122,8.0,Na0.28CI0.52,42.0,2.0,F,M,Broiler,E347,Iluma,24.0,1.0,GTGTGYCAGCMGCCGCGGTAA,15,A8,0122_02F-M,5.459062058220177,98,4.700480365792416,7.0394099115938,-2.2803925992536223
0122_03F-M,TTATTCTCTAGG,122,8.0,Na0.28CI0.52,42.0,3.0,F,M,Broiler,E347,Iluma,16.0,2.0,GTGTGYCAGCMGCCGCGGTAA,15,A9,0122_03F-M,6.132528328551749,194,0.9109786343892651,3.925027960855241,-3.250075104636907
0122_04F-M,TTCGTGAGGATA,122,8.0,Na0.28CI0.52,42.0,4.0,F,M,Broiler,E347,Iluma,37.0,2.0,GTGTGYCAGCMGCCGCGGTAA,15,A10,0122_04F-M,2.0070086813801864,23,-1.2304883679968532,-0.509117300848953,-1.5223987765581553
0122_05F-M,GCGTCATGCATC,122,8.0,Na0.28CI0.52,42.0,5.0,F,M,Broiler,E347,Iluma,7.0,3.0,GTGTGYCAGCMGCCGCGGTAA,15,A11,0122_05F-M,3.793500915059364,73,3.141198737958791,3.377998924133564,0.6416751275691612
0122_06F-M,AACATTGCAGGT,122,8.0,Na0.28CI0.52,42.0,6.0,F,M,Broiler,E347,Iluma,22.0,3.0,GTGTGYCAGCMGCCGCGGTAA,17,A7,0122_06F-M,3.5028949424266185,103,3.653077267054071,4.0884461836816035,0.2919271759937893
0123_01F-M,CTACTAGCGGTA,123,9.0,Na0.34CI0.61,42.0,1.0,F,M,Broiler,E347,Iluma,8.0,1.0,GTGTGYCAGCMGCCGCGGTAA,15,B1,0123_01F-M,3.2488732453544102,23,1.9960807554458633,2.613898769979104,-0.17264448376123898
0123_02F-M,CGATTTAGGCCA,123,9.0,Na0.34CI0.61,42.0,2.0,F,M,Broiler,E347,Iluma,25.0,1.0,GTGTGYCAGCMGCCGCGGTAA,15,B2,0123_02F-M,2.5722906935242107,39,3.2624486714982925,4.00698680490341,-0.4496135811295765
0123_03F-M,GCTTGGTAGGTT,123,9.0,Na0.34CI0.61,42.0,3.0,F,M,Broiler,E347,Iluma,12.0,2.0,GTGTGYCAGCMGCCGCGGTAA,15,B3,0123_03F-M,2.9076443615948686,51,5.321982493818113,5.810475435547806,-0.48140713550418895
0124_09F-M,AGGCGCTCTCCT,124,10.0,Na0.40CI0.71,42.0,9.0,F,M,Broiler,E347,Iluma,35.0,2.0,GTGTGYCAGCMGCCGCGGTAA,15,B4,0124_09F-M,2.217870890941162,17,5.625820933186489,6.283200889887803,0.020631799793530123
0123_05F-M,ACCTGATCCGCA,123,9.0,Na0.34CI0.61,42.0,5.0,F,M,Broiler,E347,Iluma,6.0,3.0,GTGTGYCAGCMGCCGCGGTAA,15,B5,0123_05F-M,2.742444371894224,27,3.5842131418855856,3.8027660194911967,1.1954503526504878
0123_06F-M,GAGATTTAAGCA,123,9.0,Na0.34CI0.61,42.0,6.0,F,M,Broiler,E347,Iluma,29.0,3.0,GTGTGYCAGCMGCCGCGGTAA,15,B6,0123_06F-M,4.001191225309342,80,3.070164868336761,3.2514128721478754,0.30360075114659024
0124_01F-M,TGGGTCCCACAT,124,10.0,Na0.40CI0.71,42.0,1.0,F,M,Broiler,E347,Iluma,3.0,1.0,GTGTGYCAGCMGCCGCGGTAA,15,B7,0124_01F-M,2.1992341492567693,24,2.2038579143803343,2.274118905384466,1.6470015501695738
0124_02F-M,ATTCTGCCGAAG,124,10.0,Na0.40CI0.71,42.0,2.0,F,M,Broiler,E347,Iluma,23.0,1.0,GTGTGYCAGCMGCCGCGGTAA,15,B8,0124_02F-M,1.9375326600544112,18,7.379660379827367,7.6251071482389,1.8958815946347347
0124_03F-M,GAGTGCTCTAAC,124,10.0,Na0.40CI0.71,42.0,3.0,F,M,Broiler,E347,Iluma,13.0,2.0,GTGTGYCAGCMGCCGCGGTAA,17,A8,0124_03F-M,2.8971926959328305,47,1.281329722258196,1.3493696138705402,0.8049729616938529
0124_04F-M,TCGTAAGCCGTC,124,10.0,Na0.40CI0.71,42.0,4.0,F,M,Broiler,E347,Iluma,30.0,2.0,GTGTGYCAGCMGCCGCGGTAA,15,B10,0124_04F-M,2.688797565918615,90,3.5066094423832648,3.507447181504866,-1.6111991562654042
0124_05F-M,ATTAGATTGGAG,124,10.0,Na0.40CI0.71,42.0,5.0,F,M,Broiler,E347,Iluma,10.0,3.0,GTGTGYCAGCMGCCGCGGTAA,15,B11,0124_05F-M,2.23021417951005,23,5.005470464143277,5.14528674887208,0.6149572155920764
0124_06F-M,TTAGCCCAGCGT,124,10.0,Na0.40CI0.71,42.0,6.0,F,M,Broiler,E347,Iluma,24.0,3.0,GTGTGYCAGCMGCCGCGGTAA,15,B12,0124_06F-M,3.4796012894256028,45,3.181723559236908,3.288868196688236,-0.6634052113612078
0115_01I-M,ACTAGGATCAGT,115,1.0,Na0.10CI0.23,42.0,1.0,I,M,Broiler,E347,Iluma,6.0,1.0,GTGTGYCAGCMGCCGCGGTAA,15,C1,0115_01I-M,2.491108090509634,23,6.418239441802897,6.441415517802328,1.057669819477508
0115_02I-M,TACACCTTACCT,115,1.0,Na0.10CI0.23,42.0,2.0,I,M,Broiler,E347,Iluma,28.0,1.0,GTGTGYCAGCMGCCGCGGTAA,15,C2,0115_02I-M,3.8422167174021022,67,4.069572159214516,4.030718866341889,-0.6046476342396633
0115_03I-M,AGTGTCGATTCG,115,1.0,Na0.10CI0.23,42.0,3.0,I,M,Broiler,E347,Iluma,14.0,2.0,GTGTGYCAGCMGCCGCGGTAA,15,C3,0115_03I-M,3.1398385410472924,34,2.5649493574615367,4.486527405857319,-3.0869016606922846
0115_04I-M,ATCTCGCTGGGT,115,1.0,Na0.10CI0.23,42.0,4.0,I,M,Broiler,E347,Iluma,40.0,2.0,GTGTGYCAGCMGCCGCGGTAA,15,C4,0115_04I-M,3.7731269683791018,42,1.8549383708495866,2.6936614636501104,-2.131358224486883
0116_05I-M,ATTCCATTTAGA,116,2.0,Na0.16CI0.25,42.0,5.0,I,M,Broiler,E347,Iluma,2.0,3.0,GTGTGYCAGCMGCCGCGGTAA,15,C5,0116_05I-M,4.126238843745457,76,3.402177293548504,3.846595200105691,-2.3943273446533615
0115_06I-M,CTGCTGGGAAGG,115,1.0,Na0.10CI0.23,42.0,6.0,I,M,Broiler,E347,Iluma,25.0,3.0,GTGTGYCAGCMGCCGCGGTAA,15,C6,0115_06I-M,2.0503630714615,31,7.244185456058096,4.715944591489998,1.1486787771971465
0116_01I-M,TCCTCTTTGGTC,116,2.0,Na0.16CI0.25,42.0,1.0,I,M,Broiler,E347,Iluma,10.0,1.0,GTGTGYCAGCMGCCGCGGTAA,15,C7,0116_01I-M,1.9556316382993792,21,6.686796838573264,7.091950080157772,0.6441640048908828
0116_02I-M,CAGACTTTCATT,116,2.0,Na0.16CI0.25,42.0,2.0,I,M,Broiler,E347,Iluma,22.0,1.0,GTGTGYCAGCMGCCGCGGTAA,15,C8,0116_02I-M,2.4096232604289463,50,5.027357441482448,5.79979712789579,-0.6139236513444577
0116_03I-M,CTTTGGGCCGCT,116,2.0,Na0.16CI0.25,42.0,3.0,I,M,Broiler,E347,Iluma,18.0,2.0,GTGTGYCAGCMGCCGCGGTAA,15,C9,0116_03I-M,2.675385590681797,52,5.23807728617068,5.210768295619812,1.9305568034578648
0116_04I-M,TCCTCGAGCGAT,116,2.0,Na0.16CI0.25,42.0,4.0,I,M,Broiler,E347,Iluma,33.0,2.0,GTGTGYCAGCMGCCGCGGTAA,15,C10,0116_04I-M,3.568250153847609,48,-1.2518555274167649,0.808444754878174,-2.7131167097234887
0115_05I-M,GTAGATCGTGTA,115,1.0,Na0.10CI0.23,42.0,5.0,I,M,Broiler,E347,Iluma,3.0,3.0,GTGTGYCAGCMGCCGCGGTAA,15,C11,0115_05I-M,2.2474675115987184,23,4.837197238823166,5.245504699875288,0.6516300937290576
0116_06I-M,GGAAGAAGTAGC,116,2.0,Na0.16CI0.25,42.0,6.0,I,M,Broiler,E347,Iluma,27.0,3.0,GTGTGYCAGCMGCCGCGGTAA,15,C12,0116_06I-M,2.5856526381155582,36,6.47991674189708,6.372124536297175,0.633237148054327
0117_01I-M,ATGAAGCACTGT,117,3.0,Na0.22CI0.25,42.0,1.0,I,M,Broiler,E347,Iluma,5.0,1.0,GTGTGYCAGCMGCCGCGGTAA,15,D1,0117_01I-M,2.7138484229913664,30,5.6240175061873385,6.265646814953004,0.06894598806257744
0117_02I-M,TCGTTCAGGACC,117,3.0,Na0.22CI0.25,42.0,2.0,I,M,Broiler,E347,Iluma,29.0,1.0,GTGTGYCAGCMGCCGCGGTAA,15,D2,0117_02I-M,2.2173076289944733,28,6.211603589401893,5.740983105130968,-0.12211998991046055
0117_03I-M,CGTCGATTGCAC,117,3.0,Na0.22CI0.25,42.0,3.0,I,M,Broiler,E347,Iluma,20.0,2.0,GTGTGYCAGCMGCCGCGGTAA,15,D3,0117_03I-M,3.943364026942216,37,3.715446481498658,4.038026131631877,-0.42890850129810393
0117_04I-M,GTCCGATCCTAG,117,3.0,Na0.22CI0.25,42.0,4.0,I,M,Broiler,E347,Iluma,36.0,2.0,GTGTGYCAGCMGCCGCGGTAA,17,A10,0117_04I-M,2.242934472008342,80,5.244553918578424,4.805622128885863,1.672735104861169
0117_05I-M,GCCGACGTGCCG,117,3.0,Na0.22CI0.25,42.0,5.0,I,M,Broiler,E347,Iluma,4.0,3.0,GTGTGYCAGCMGCCGCGGTAA,15,D5,0117_05I-M,3.9717552788458463,61,2.7870667414204346,3.0815935641603835,-0.7710288648598671
0117_06I-M,GTGCTGCGCTTA,117,3.0,Na0.22CI0.25,42.0,6.0,I,M,Broiler,E347,Iluma,30.0,3.0,GTGTGYCAGCMGCCGCGGTAA,15,D6,0117_06I-M,4.079204780748987,85,4.147128341923002,3.817973934853099,-0.21890981091665623
0118_01I-M,GTGTGGCAGAAG,118,4.0,Na0.28CI0.25,42.0,1.0,I,M,Broiler,E347,Iluma,7.0,1.0,GTGTGYCAGCMGCCGCGGTAA,17,A11,0118_01I-M,4.563512955447061,132,1.1682472147517566,1.6617858651978636,-1.7828193254394742
0118_02I-M,TGACAACCGAAT,118,4.0,Na0.28CI0.25,42.0,2.0,I,M,Broiler,E347,Iluma,30.0,1.0,GTGTGYCAGCMGCCGCGGTAA,15,D8,0118_02I-M,3.0201369650401872,25,4.141265566968829,4.137563681342077,0.17097365341670706
0118_03I-M,GCCGGTACTCTA,118,4.0,Na0.28CI0.25,42.0,3.0,I,M,Broiler,E347,Iluma,15.0,2.0,GTGTGYCAGCMGCCGCGGTAA,15,D9,0118_03I-M,3.866918335910224,88,2.2608655666259545,2.328521956186039,0.2544835958156242
0118_04I-M,CTATTAAGCGGC,118,4.0,Na0.28CI0.25,42.0,4.0,I,M,Broiler,E347,Iluma,34.0,2.0,GTGTGYCAGCMGCCGCGGTAA,15,D10,0118_04I-M,4.190450544886126,159,5.202874825043112,3.6247344594706954,-0.758509460357556
0118_05I-M,CCTCGTCGTCAG,118,4.0,Na0.28CI0.25,42.0,5.0,I,M,Broiler,E347,Iluma,9.0,3.0,GTGTGYCAGCMGCCGCGGTAA,15,D11,0118_05I-M,2.560732871031758,61,3.792227075693865,4.293772488327039,-0.1614523586260179
0118_06I-M,AAGCTCTCCCAG,118,4.0,Na0.28CI0.25,42.0,6.0,I,M,Broiler,E347,Iluma,23.0,3.0,GTGTGYCAGCMGCCGCGGTAA,15,D12,0118_06I-M,3.7727229543639846,69,2.50913457835514,2.658081365619956,-0.02897425701348739
0119_01I-M,TGGCACTGGTTA,119,5.0,Na0.34CI0.25,42.0,1.0,I,M,Broiler,E347,Iluma,2.0,1.0,GTGTGYCAGCMGCCGCGGTAA,17,B1,0119_01I-M,4.730968687973111,196,1.7932182586917151,1.9141430343909807,-0.27701127439849016
0119_02I-M,CAGACGAGGAAC,119,5.0,Na0.34CI0.25,42.0,2.0,I,M,Broiler,E347,Iluma,26.0,1.0,GTGTGYCAGCMGCCGCGGTAA,15,E2,0119_02I-M,1.3709382863718378,20,5.861094176351508,5.922402991943679,1.994407845798144
0119_04I-M,TCTGAATGGTAG,119,5.0,Na0.34CI0.25,42.0,4.0,I,M,Broiler,E347,Iluma,38.0,2.0,GTGTGYCAGCMGCCGCGGTAA,15,E4,0119_04I-M,2.740474719157328,41,4.766083660766167,5.623937278340209,-1.2816824517104564
0119_05I-M,CAGGGAGGATCC,119,5.0,Na0.34CI0.25,42.0,5.0,I,M,Broiler,E347,Iluma,8.0,3.0,GTGTGYCAGCMGCCGCGGTAA,15,E5,0119_05I-M,2.736763192396292,61,-2.4349399246213954,-1.0218491497689224,-2.8753769139022887
0119_06I-M,CACTGGTGCATA,119,5.0,Na0.34CI0.25,42.0,6.0,I,M,Broiler,E347,Iluma,28.0,3.0,GTGTGYCAGCMGCCGCGGTAA,17,B2,0119_06I-M,3.3598252972820712,121,3.01567931560961,3.0209698692370055,0.6793544402341126
0120_01I-M,TTCGCAGATACG,120,6.0,Na0.40CI0.25,42.0,1.0,I,M,Broiler,E347,Iluma,4.0,1.0,GTGTGYCAGCMGCCGCGGTAA,15,E7,0120_01I-M,2.30431172207858,36,2.3908369632086353,2.4471526634950957,1.6980513809169582
0120_02I-M,AACACATGGGTT,120,6.0,Na0.40CI0.25,42.0,2.0,I,M,Broiler,E347,Iluma,21.0,1.0,GTGTGYCAGCMGCCGCGGTAA,15,E8,0120_02I-M,3.124320180829296,40,0.9783299726566489,1.1326707962955467,0.23988541996905038
0120_03I-M,AAGCACGTCTCA,120,6.0,Na0.40CI0.25,42.0,3.0,I,M,Broiler,E347,Iluma,11.0,2.0,GTGTGYCAGCMGCCGCGGTAA,15,E9,0120_03I-M,3.715177879521538,104,5.596948889759112,3.918560295163738,1.0988500838324766
0120_04I-M,CAAGCCCTAGTA,120,6.0,Na0.40CI0.25,42.0,4.0,I,M,Broiler,E347,Iluma,32.0,2.0,GTGTGYCAGCMGCCGCGGTAA,15,E10,0120_04I-M,1.5809315699963409,33,-1.8442261081267957,-1.511961800300423,-1.9938104271591646
0120_05I-M,CATTAGCTGGAA,120,6.0,Na0.40CI0.25,42.0,5.0,I,M,Broiler,E347,Iluma,5.0,3.0,GTGTGYCAGCMGCCGCGGTAA,15,E11,0120_05I-M,2.1280739097923127,30,5.976546126477666,6.07872099210521,0.7182497932536794
0120_06I-M,GGATCAGCCGCG,120,6.0,Na0.40CI0.25,42.0,6.0,I,M,Broiler,E347,Iluma,21.0,3.0,GTGTGYCAGCMGCCGCGGTAA,15,E12,0120_06I-M,2.08512267233852,25,0.26814988272199686,0.30496250245273676,0.20428507986093647
0121_01I-M,ATGGCGCGGACC,121,7.0,Na0.22CI0.42,42.0,1.0,I,M,Broiler,E347,Iluma,9.0,1.0,GTGTGYCAGCMGCCGCGGTAA,17,B4,0121_01I-M,4.586595160071458,161,1.0638756102294724,2.327755831340597,-2.9126160814956146
0121_02I-M,GACTTCATGCGA,121,7.0,Na0.22CI0.42,42.0,2.0,I,M,Broiler,E347,Iluma,27.0,1.0,GTGTGYCAGCMGCCGCGGTAA,15,F2,0121_02I-M,3.2740745507132307,54,3.8953501288141514,3.9991441157658505,0.6958690936271182
0121_03I-M,CAAATCATTTCA,121,7.0,Na0.22CI0.42,42.0,3.0,I,M,Broiler,E347,Iluma,19.0,2.0,GTGTGYCAGCMGCCGCGGTAA,15,F3,0121_03I-M,2.9410959860408004,65,4.1470951276076295,5.56582784120337,-2.302585092994046
0121_04I-M,ATCTGTTACAAT,121,7.0,Na0.22CI0.42,42.0,4.0,I,M,Broiler,E347,Iluma,31.0,2.0,GTGTGYCAGCMGCCGCGGTAA,15,F4,0121_04I-M,2.512721623943672,70,3.773220602547687,4.825624410015532,-1.583491450377431
0121_05I-M,CACCTTACCTTA,121,7.0,Na0.22CI0.42,42.0,5.0,I,M,Broiler,E347,Iluma,1.0,3.0,GTGTGYCAGCMGCCGCGGTAA,15,F5,0121_05I-M,2.747575850819322,71,2.741835147900246,3.0086434878088393,0.8519946809496843
0121_06I-M,GATGTGGTGTTA,121,7.0,Na0.22CI0.42,42.0,6.0,I,M,Broiler,E347,Iluma,26.0,3.0,GTGTGYCAGCMGCCGCGGTAA,17,B6,0121_06I-M,3.188834783362626,132,4.604907684345949,4.081982888772911,1.4447292058249666
0122_01I-M,TGGAGAGGAGAT,122,8.0,Na0.28CI0.52,42.0,1.0,I,M,Broiler,E347,Iluma,1.0,1.0,GTGTGYCAGCMGCCGCGGTAA,15,F7,0122_01I-M,2.813765804133822,31,2.411603830656841,2.6788118931064457,0.79902948073261
0122_02I-M,CGTACCAGATCC,122,8.0,Na0.28CI0.52,42.0,2.0,I,M,Broiler,E347,Iluma,24.0,1.0,GTGTGYCAGCMGCCGCGGTAA,15,F8,0122_02I-M,2.598462344533331,50,4.670612903480062,5.719598764099486,-0.9500739625250384
0122_03I-M,CCTGGAATTAAG,122,8.0,Na0.28CI0.52,42.0,3.0,I,M,Broiler,E347,Iluma,16.0,2.0,GTGTGYCAGCMGCCGCGGTAA,15,F9,0122_03I-M,4.489646850923948,108,4.679659037978831,3.285622272594611,-1.8305000912738372
0122_04I-M,ATTAACTCCTAC,122,8.0,Na0.28CI0.52,42.0,4.0,I,M,Broiler,E347,Iluma,37.0,2.0,GTGTGYCAGCMGCCGCGGTAA,15,F10,0122_04I-M,2.3706313182040617,30,1.4480144732777624,4.035281220972618,-2.6010121504856554
0122_05I-M,TGTCCTATCAAT,122,8.0,Na0.28CI0.52,42.0,5.0,I,M,Broiler,E347,Iluma,7.0,3.0,GTGTGYCAGCMGCCGCGGTAA,15,F11,0122_05I-M,3.670947001531747,41,1.9603758101064799,2.4490137267273937,-0.0780473947932637
0122_06I-M,TCTAAGAAAGAA,122,8.0,Na0.28CI0.52,42.0,6.0,I,M,Broiler,E347,Iluma,22.0,3.0,GTGTGYCAGCMGCCGCGGTAA,15,F12,0122_06I-M,2.60368696683485,22,6.507178204946749,6.739178823979854,1.32202953650435
0123_01I-M,ATATCCTGGGAC,123,9.0,Na0.34CI0.61,42.0,1.0,I,M,Broiler,E347,Iluma,8.0,1.0,GTGTGYCAGCMGCCGCGGTAA,17,B7,0123_01I-M,2.996650478081737,81,2.8287243345727506,4.732146684911288,-2.170132901865237
0123_02I-M,TTGCAAGTACCG,123,9.0,Na0.34CI0.61,42.0,2.0,I,M,Broiler,E347,Iluma,25.0,1.0,GTGTGYCAGCMGCCGCGGTAA,15,G2,0123_02I-M,2.242916162261456,37,5.378250178073323,6.221725566191056,-1.057785714879576
0123_03I-M,ATTATCGTCCCT,123,9.0,Na0.34CI0.61,42.0,3.0,I,M,Broiler,E347,Iluma,12.0,2.0,GTGTGYCAGCMGCCGCGGTAA,15,G3,0123_03I-M,3.2697544173771496,43,5.133180634508183,5.05421711315855,-0.7361162786255916
0124_09I-M,TGGGCCGGAATG,124,10.0,Na0.40CI0.71,42.0,9.0,I,M,Broiler,E347,Iluma,35.0,2.0,GTGTGYCAGCMGCCGCGGTAA,15,G4,0124_09I-M,1.8975834763194728,40,3.6311861378809183,5.732074117277292,-2.3772547051512984
0123_05I-M,ATATATAGTATC,123,9.0,Na0.34CI0.61,42.0,5.0,I,M,Broiler,E347,Iluma,6.0,3.0,GTGTGYCAGCMGCCGCGGTAA,15,G5,0123_05I-M,2.09487735882238,36,4.474391304248449,4.442908375473542,2.5184476262035584
0123_06I-M,CGACGCCCATTC,123,9.0,Na0.34CI0.61,42.0,6.0,I,M,Broiler,E347,Iluma,29.0,3.0,GTGTGYCAGCMGCCGCGGTAA,17,B8,0123_06I-M,4.026681678903876,157,3.946622525874936,3.402060407236619,-0.2590113143488452
0124_01I-M,GCGCGAATGGTG,124,10.0,Na0.40CI0.71,42.0,1.0,I,M,Broiler,E347,Iluma,3.0,1.0,GTGTGYCAGCMGCCGCGGTAA,15,G7,0124_01I-M,1.816834615996799,12,3.7006995644557215,3.8154315172939106,1.9028610491512843
0124_02I-M,TACATATCTACA,124,10.0,Na0.40CI0.71,42.0,2.0,I,M,Broiler,E347,Iluma,23.0,1.0,GTGTGYCAGCMGCCGCGGTAA,15,G8,0124_02I-M,2.896227683932836,57,5.019362532820433,5.244012021690494,-0.26393519413165833
0124_03I-M,TCTAGGTTATTC,124,10.0,Na0.40CI0.71,42.0,3.0,I,M,Broiler,E347,Iluma,13.0,2.0,GTGTGYCAGCMGCCGCGGTAA,15,G9,0124_03I-M,2.7162161730619254,57,-2.25751366944645,-0.8807121419838078,-2.731835862497804
0124_04I-M,TGTCTACATACT,124,10.0,Na0.40CI0.71,42.0,4.0,I,M,Broiler,E347,Iluma,30.0,2.0,GTGTGYCAGCMGCCGCGGTAA,15,G10,0124_04I-M,2.6876292468117304,62,4.711113864906498,4.734801939439356,0.6923978985867473
0124_05I-M,GCCGCTCTTTGG,124,10.0,Na0.40CI0.71,42.0,5.0,I,M,Broiler,E347,Iluma,10.0,3.0,GTGTGYCAGCMGCCGCGGTAA,15,G11,0124_05I-M,2.173902845539866,13,6.8916719444758545,7.609719698901163,0.1350248420908897
0124_06I-M,TAGGCTCGTGCT,124,10.0,Na0.40CI0.71,42.0,6.0,I,M,Broiler,E347,Iluma,24.0,3.0,GTGTGYCAGCMGCCGCGGTAA,15,G12,0124_06I-M,3.767910454925904,73,2.7733721143675854,2.916309811444604,0.08090773845238873
